{
    "1": {
        "name": "methane",
        "molar_mass": 16.042,
        "vapor_pressure":{
            "C1": 39.205,
            "C2": -1324.4,
            "C3": -3.4366,
            "C4": 0.000031019,
            "C5": 2
        },
        "sat_T_limits":[90.69, 190.56]
    },
    "2":{
        "name": "ammonia",
        "molar_mass": 17.031,
        "vapor_pressure":{
            "C1": 90.483,
            "C2": -4669.7,
            "C3": -11.607,
            "C4": 0.017194,
            "C5": 1
        },
        "sat_T_limits":[195.41, 405.65]
    },
    "3":{
        "name": "water",
        "molar_mass": 18.015,
        "vapor_pressure":{
            "C1": 73.649,
            "C2": -7258.2,
            "C3": -7.3037,
            "C4": 0.000041653,
            "C5": 2
        },
        "sat_T_limits":[273.16, 647.096]
    },
    "4":{
        "name": "air",
        "molar_mass": 28.96,
        "ideal_gas_cp":{
            "C1": 28958,
            "C2": 9390,
            "C3": 3012,
            "C4": 7580,
            "C5": 1484
        }
    },
    "prop_units":{
        "T": "K",
        "P": "MPa",
        "v": "dm3/mol",
        "h": "kJ/mol",
        "s": "kJ/mol.K",
        "cp": "J/kmol.K"
    }

}