{
    "1": {
        "name": "methane",
        "molar_mass": 16.042,
        "vapor_pressure":{
            "C1": 39.205,
            "C2": -1324.4,
            "C3": -3.4366,
            "C4": 0.000031019,
            "C5": 2
        },
        "sat_T_limits":[90.69, 190.56],
        "Tc": 190.564,
        "Pc": 4.599,
        "omega": 0.0115,
        "ideal_gas_cp":{
            "C1": 33298,
            "C2": 79933,
            "C3": 2086.9,
            "C4": 41602,
            "C5": 991.96
        },
        "liquid_cp":{
            "C1": 65.708,
            "C2": 38883,
            "C3": -257.95,
            "C4": 614.07
        },
        "Tref": 111.51,
        "Pref": 0.10,
        "eos": "srk"
    },
    "2":{
        "name": "ammonia",
        "molar_mass": 17.031,
        "vapor_pressure":{
            "C1": 90.483,
            "C2": -4669.7,
            "C3": -11.607,
            "C4": 0.017194,
            "C5": 1
        },
        "sat_T_limits":[195.41, 405.65],
        "Tc": 405.65,
        "Pc": 11.28,
        "omega": 0.2526,
        "ideal_gas_cp":{
            "C1": 33427,
            "C2": 48980,
            "C3": 2036,
            "C4": 22560,
            "C5": 882
        },
        "liquid_cp":{
            "C1": 61.289,
            "C2": 80925,
            "C3": 799.4,
            "C4": -2651
        },
        "Tref": 239.56,
        "Pref": 0.10,
        "eos": "pr"
    },
    "3":{
        "name": "water",
        "molar_mass": 18.015,
        "vapor_pressure":{
            "C1": 73.649,
            "C2": -7258.2,
            "C3": -7.3037,
            "C4": 0.0000041653,
            "C5": 2
        },
        "sat_T_limits":[273.16, 647.096],
        "Tc": 647.096,
        "Pc": 22.064,
        "omega": 0.3449,
        "ideal_gas_cp":{
            "C1": 33363,
            "C2": 26790,
            "C3": 2610.5,
            "C4": 8896,
            "C5": 1169
        },
        "liquid_cp":{
            "C1": 276370,
            "C2": -2090.1,
            "C3": 8.125,
            "C4": -0.014116,
            "C5": 0.0000093701
        },
        "Tref": 372.46,
        "Pref": 0.10,
        "eos": "pr"
    },
    "4":{
        "name": "air",
        "molar_mass": 28.96,
        "ideal_gas_cp":{
            "C1": 28958,
            "C2": 9390,
            "C3": 3012,
            "C4": 7580,
            "C5": 1484
        },
        "Tref": 372.46,
        "Pref": 0.10
    },
    "prop_units":{
        "T": "K",
        "P": "MPa",
        "v": "dm3/mol",
        "h": "kJ/mol",
        "s": "kJ/mol.K",
        "cp_ig": "J/kmol.K",
        "Tc": "K",
        "Pc": "MPa",
        "omega": "adm.",
        "cp_liq": "J/kmol.K",
        "Tref": "K",
        "Pref": "MPa"
    }

}